1. Name or Nickname;3. Hero;4. Decklist;5. Deck Description  ;6. Cards;
Viko;Afanas & Senka;https://www.altered.gg/decks/01KQ515FND3DZ5EGENY7BE4QCM;An easy to pilot, pleasant Afanas recipe where you do what you do best : lots of spell slinging, and lots of little guys to carry the boosts. ;"1 ALT_CORE_B_YZ_03_C
2 ALT_ALIZE_B_YZ_42_C
1 ALT_COREKS_B_YZ_24_C
3 ALT_ALIZE_B_YZ_41_C
2 ALT_COREKS_B_YZ_23_C
3 ALT_DUSTER_B_YZ_86_C
3 ALT_DUSTER_B_YZ_97_R1
3 ALT_COREKS_B_YZ_07_R1
3 ALT_COREKS_B_YZ_21_C
3 ALT_CYCLONE_B_YZ_66_C
3 ALT_COREKS_B_BR_25_R2
2 ALT_COREKS_B_MU_06_R2
3 ALT_COREKS_B_YZ_19_C
2 ALT_COREKS_B_BR_16_R2
2 ALT_COREKS_B_MU_08_R2
3 ALT_COREKS_B_YZ_22_C
1 ALT_COREKS_B_YZ_14_C";
CoraSan;Akesha & Taru;https://www.altered.gg/decks/01KQ5GM97XFWG59DZKDFQ3H1D7;"This deck shows the core mechanics of Akesha, a mage control archetype.
The main objective is to maintain equality in early game progress to finish with a strong end. To succeed, players need to benefit the spells with cost reduction and bounce mechanic. Control your enemies and finish the game with strong combos !";"1 ALT_CORE_B_YZ_01_C
3 ALT_CORE_B_YZ_21_C
3 ALT_CORE_B_YZ_19_C
2 ALT_CORE_B_MU_28_R2
2 ALT_CORE_B_YZ_14_C
2 ALT_BISE_B_YZ_52_C
2 ALT_BISE_B_YZ_56_R1
2 ALT_CORE_B_YZ_06_C
3 ALT_CORE_B_YZ_04_C
2 ALT_ALIZE_B_LY_39_R2
2 ALT_ALIZE_B_YZ_42_C
3 ALT_CORE_B_LY_07_R2
2 ALT_CYCLONE_B_YZ_72_C
3 ALT_CORE_B_YZ_13_R1
2 ALT_CYCLONE_B_YZ_69_C
3 ALT_CORE_B_YZ_11_R1
2 ALT_CORE_B_YZ_12_C
1 ALT_COREKS_B_YZ_06_C";
Mason Ulves;Arjun & Spike;https://www.altered.gg/en-us/decks/01KQ38H1SWBRHRHESEXG0859YD;"This deck is built around the Anchored mechanic, using Arjun’s ability and various discard effects to turn the Reserve into an active resource rather than just a second hand.

The goal is to introduce new players to alternative ways of generating value, showing that cards can be used not only by playing them, but also through discard and Reserve interactions. The inclusion of Resupply further reinforces this loop, creating a simple and repeatable engine that is easy to understand.

The deck maintains a clear and consistent game plan: establish board presence while gaining incremental advantage through Anchored triggers. Card choices focus on readability and synergy, avoiding overly complex interactions.

As a starter deck, it highlights Arjun’s unique identity while remaining approachable, helping players learn both core mechanics and more advanced concepts like Reserve management in a natural way.";"1 ALT_CORE_B_MU_02_C
2 ALT_COREKS_B_MU_23_R1
3 ALT_COREKS_B_MU_16_C
2 ALT_COREKS_B_MU_12_R1
1 ALT_COREKS_B_MU_08_C
3 ALT_COREKS_B_MU_06_C
2 ALT_COREKS_B_MU_13_C
3 ALT_CORE_B_MU_11_R1
3 ALT_COREKS_B_MU_04_C
3 ALT_BISE_B_MU_58_C
3 ALT_BISE_B_MU_52_R1
2 ALT_ALIZE_B_MU_31_R1
2 ALT_COREKS_B_MU_29_C
2 ALT_COREKS_B_MU_28_C
2 ALT_COREKS_B_MU_25_C
2 ALT_ALIZE_B_MU_42_C
2 ALT_ALIZE_B_MU_44_C
2 ALT_COREKS_B_MU_08_R1";
Marc - The Bravos Hatter;Atsadi & Surge;https://www.altered.gg/en-us/decks/01KQAMZF5B1SCH2F0ZDGND7W8D;"For me Atsadi is all about ramping into big giant characters. That is what this deck is about. Small low to the ground ramp cards, followed by big gigantic monsters. To make sure you dont screw yourself with only big cards, i run reunion to draw a lot of cards. 

Early game:
Play cards to ramp: scout in a swift jinn, or play ramp cards like mana channeling, bravos signet or mighty jinn.
Draw cards with Spotter, reunion and your hero power.

Mid game:
Stable yourself with energy bar combos with Sakarabru (put your opponent back on both expeditions) or with big Lernean Hydra. 

End game:
Finish things of with Kaibara, Hunger (gigantic due milk) or Halua, all protected by Kauri's intervention and buffed by Bravos signet.";"1 ALT_CORE_B_BR_02_C
3 ALT_BISE_B_YZ_56_R2
2 ALT_ALIZE_B_BR_45_C
3 ALT_COREKS_B_BR_19_C
3 ALT_BISE_B_BR_57_C
3 ALT_CYCLONE_B_BR_79_C
3 ALT_CYCLONE_B_MU_75_R2
1 ALT_COREKS_B_BR_27_C
3 ALT_BISE_B_LY_58_R2
3 ALT_COREKS_B_YZ_18_R2
2 ALT_BISE_B_BR_59_C
1 ALT_COREKS_B_BR_24_R1
3 ALT_CYCLONE_B_BR_69_C
3 ALT_ALIZE_B_BR_43_C
2 ALT_BISE_B_BR_52_C
2 ALT_CYCLONE_B_BR_77_C
2 ALT_COREKS_B_BR_27_R1";
The_Vary;Auraq & Kibble;https://www.altered.gg/en-us/decks/01KQ9FZ4XC7HBP6R9D2A69XF5J;Auraq is not the strongest but one of the most funny hero to play. His power is like Heaven or Hell, and that's what i want to do with this starter deck proposal: a deck that aims to trigger the hero power at least 2 times in a game easily to see how it works and to feel the thrill of flipping some big drops for free. Of course you could always top deck a 1 mana body, but that's how Auraq is :) I thought about putting common Nuit in this deck but in the end i gave that up because I think that Nuit plays requires some knowlege of the game, of the cards in deck and some setup. Instead i went for a more aggro / draw strategy, put some cheap removals (break the ice is the best removal in game if played in Auraq) and some winter outfits to help deal with the 0 play that can be hard for a new player.;"1 ALT_CORE_B_LY_02_C
3 ALT_CORE_B_MU_22_R2
3 ALT_CORE_B_LY_27_C
3 ALT_ALIZE_B_BR_34_R2
3 ALT_BISE_B_LY_49_C
2 ALT_CYCLONE_B_BR_81_R2
3 ALT_CORE_B_LY_09_C
3 ALT_CORE_B_LY_06_C
3 ALT_ALIZE_B_LY_42_C
2 ALT_DUSTER_B_LY_86_R1
2 ALT_ALIZE_B_LY_43_C
2 ALT_BISE_B_LY_53_R1
2 ALT_CYCLONE_B_LY_68_C
3 ALT_DUSTER_B_LY_88_C
2 ALT_CORE_B_LY_24_C
3 ALT_BISE_B_BR_59_R2";
Joli rouge gorge ;Basira & Kaizaimon;https://www.altered.gg/decks/01KQVWHQCTN1T8YDBK305BA5ER;This Basira list focuses on removing fleeting from characters with different pay offs and effect, either #drawing, ramping or just keeping the seasoned characters going to reserve to create value and threats.;"1 ALT_CORE_B_BR_03_C
2 ALT_DUSTER_B_BR_86_C
1 ALT_DUSTER_B_BR_102_C
3 ALT_CYCLONE_B_MU_70_R2
3 ALT_CYCLONE_B_YZ_70_R2
3 ALT_BISE_B_BR_52_C
2 ALT_BISE_B_BR_61_C
1 ALT_BISE_B_YZ_56_R2
3 ALT_ALIZE_B_BR_32_C
2 ALT_CORE_B_BR_16_C
3 ALT_CORE_B_BR_11_C
3 ALT_CORE_B_BR_10_C
2 ALT_CORE_B_BR_14_R1
3 ALT_CORE_B_BR_19_R1
3 ALT_CORE_B_BR_25_C
2 ALT_CORE_A_BR_26_R1
1 ALT_CORE_B_LY_06_R2
2 ALT_CORE_B_BR_29_C";
Eldritch Madcap;Della & Bolt;https://www.altered.gg/en-us/decks/01KQ5KHNP877CG1YW1SZATY3SX;"Della Exhaust 

The deck works extensively on the reserve, with a focus on exhausted characters and landmarks, leveraging the core ability of Della&Bolt (and  other cards) to ready exhausted cards. The exhaust mechanic in this deck also creates useful sinergies such as gaining boosts, reducing mana costs and drawing cards. ( with permanents such as Axiom Exhibit, Science Fair and The Nilam). The deck can be useful to get more confident with the reserve related mechanics typical of Axiom and the sinergies coming from multiple exhaust/ready actions that can occur during a turn.
Strategy does not require ramping mana fast but focus on drawing cards, expecially in reserve to activate the many ""play from reserve"" abilities of the deck. 
";"1 ALT_DUSTER_B_AX_85_C
2 ALT_DUSTER_B_AX_87_R1
3 ALT_ALIZE_B_AX_32_C
3 ALT_DUSTER_B_AX_89_R1
3 ALT_DUSTER_B_AX_94_C
2 ALT_DUSTER_B_AX_86_C
3 ALT_DUSTER_B_AX_93_C
3 ALT_ALIZE_B_AX_37_C
3 ALT_DUSTER_B_AX_92_C
3 ALT_DUSTER_B_AX_95_E
1 ALT_BISE_B_AX_59_C
1 ALT_ALIZE_B_YZ_43_R2
3 ALT_DUSTER_B_AX_101_R1
2 ALT_DUSTER_B_AX_100_R1
2 ALT_ALIZE_B_YZ_45_R2
3 ALT_CORE_B_AX_07_C
2 ALT_DUSTER_B_AX_97_R1";
Tricen;Fen & Crowbar;https://www.altered.gg/decks/01KQX87TWXD2E1KVTTW9D4QHTG;"Fen is fun with cards that build, and build off of, the reserve. This deck takes some of the early set evergreen Fen cards and adds in cards from the other sets to support the reserve build and play. The goal is to be fun and show off interactions from multiple sets. No card costs more than 3 mana, so you have to set up to let the characters punch above their weight class.

Some key aspects:

Build Your Reserve - Anansi is included as the classic Fen card that builds off your reserve. But this setup gets even better with Lyra Contortionist and Tech Lab Unit to build to a larger max reserve. Lyra Signet gives you the opportunity to turn any character into Anansi with its boost option. 

Manage & Boost Your Reserve - Bliss Bassist, Doppelganger, and Soul Encounter let you keep boosts or boost characters in reserve, letting them come out stronger. Ouroboros Inkcaster lets you get key cards back into your hand. This is good for a noon Fen Resupply you'd rather have in hand.

Boost Your Characters - Soul Encounter, Lyra Signet, Winter Outfits, and Eat Me Energy Bars help boost stats out in your expeditions.

Defense - You may not have some of the biggest characters, so remove some of your opponent's with Cloth Cocoon, Requiem, Tanuki, and Sea Nymph. A Capella Training and Lyra Signet also help get rid of characters early by giving fleeting. Early A Capella Training, even day 1 if you are 2nd player can help disrupt your opponent early. Sap Duende is there to grab some late game boosts from an opponent's big character - especially fun to snag back boosts after someone drops The Hunger on your perfectly curated reserve.";"1 ALT_CORE_B_LY_03_C
2 ALT_CYCLONE_B_BR_81_R2
2 ALT_BISE_B_MU_60_R2
3 ALT_BISE_B_AX_61_R2
2 ALT_CORE_B_LY_22_C
3 ALT_BISE_B_LY_51_C
3 ALT_CORE_B_LY_13_C
2 ALT_CYCLONE_B_LY_68_C
2 ALT_CYCLONE_B_LY_67_C
2 ALT_CORE_B_LY_24_C
2 ALT_ALIZE_B_LY_43_C
2 ALT_DUSTER_B_MU_98_R2
2 ALT_CORE_B_LY_09_C
2 ALT_CYCLONE_B_OR_73_R2
2 ALT_CYCLONE_B_LY_78_R1
3 ALT_BISE_B_LY_49_C
1 ALT_BISE_B_LY_61_R1
1 ALT_ALIZE_B_BR_45_R2
3 ALT_CORE_B_LY_10_C";
Rinku;Gulrang & Tocsin;https://www.altered.gg/decks/01KQTNSN79HJ4EZPFQSKHMP797;"Slow and steady
Try to stop your opponents from advancing
Axiom Signet works very well with all of the Permanents you have
Don't be afraid to take off a turn to draw cards with Conjuring Seal
Don't advance at all until Gulrang ability is active that way you can fully utilize Mesektet.
Try to have your opponent advance equally on the Tumult.
Has at least 1 card from each of Set 1-5";"1 ALT_CORE_B_OR_03_C
3 ALT_CORE_B_OR_16_R1
3 ALT_ALIZE_B_OR_34_C
3 ALT_BISE_B_OR_54_C
3 ALT_ALIZE_B_OR_43_R1
3 ALT_CORE_B_YZ_23_R2
3 ALT_BISE_B_OR_62_R1
2 ALT_DUSTER_B_OR_102_C
3 ALT_ALIZE_B_OR_45_C
3 ALT_BISE_B_OR_59_C
3 ALT_CORE_B_OR_24_C
2 ALT_BISE_B_OR_60_C
3 ALT_CYCLONE_B_AX_76_R2
3 ALT_CORE_B_OR_08_C
2 ALT_ALIZE_B_OR_44_C";
Luiginico;Isaree & Pebble;https://www.altered.gg/decks/01KQVYRYNJA0G0Y7J5S0Q9PQDZ;"The deck gets a lot of value for cheap and uses the hero's ability well.
None of the cards are hard to understand, all of them have sinergies with each other.";"1 ALT_CYCLONE_B_AX_65_C
3 ALT_CYCLONE_B_AX_66_R1
3 ALT_CYCLONE_B_AX_70_C
3 ALT_CYCLONE_B_AX_72_C
1 ALT_CYCLONE_B_AX_74_R1
1 ALT_CYCLONE_B_AX_75_C
3 ALT_BISE_B_AX_53_R1
3 ALT_BISE_B_AX_62_C
3 ALT_ALIZE_B_AX_41_C
3 ALT_ALIZE_B_AX_40_C
2 ALT_ALIZE_B_AX_42_C
3 ALT_CORE_B_AX_20_R1
2 ALT_CORE_B_AX_21_R1
3 ALT_CORE_B_AX_28_R1
3 ALT_CYCLONE_B_AX_80_C
3 ALT_CYCLONE_B_AX_77_C";
Cernnunos;Kauri & Puff;https://www.altered.gg/decks/01KPZJ589TBKGMGFHT81B5NH4Z;"A Kauri deck focused on animals. It's full of low-cost animals supported by Arawn for stat bursts. The Kauri card draw prevents you from getting too exhausted by playing a lot of low-costs. The other cards include Muna's classic spell set and good 3-mana animals. Special mention goes to the otter, which combos well with Pelican and caregiver.

The deck works well as a starter deck because, despite its animal focus, it offers a variety of effects (Ascend, Anchor, Tough, Sleep, Move to reserve, removal, etc.) while remaining fairly straightforward and not requiring many combos to function.";"1 ALT_CYCLONE_B_MU_65_C
3 ALT_CYCLONE_B_YZ_72_R2
3 ALT_CYCLONE_B_MU_70_C
3 ALT_BISE_B_MU_57_R1
3 ALT_CYCLONE_B_MU_67_C
2 ALT_CYCLONE_B_MU_80_C
3 ALT_BISE_B_MU_60_C
3 ALT_CORE_B_MU_28_C
3 ALT_CYCLONE_B_MU_66_C
3 ALT_CYCLONE_B_OR_66_R2
2 ALT_DUSTER_B_MU_95_R1
2 ALT_CYCLONE_B_OR_79_R2
3 ALT_CORE_B_MU_04_C
3 ALT_BISE_B_MU_50_C
1 ALT_CORE_B_MU_26_C
2 ALT_ALIZE_B_MU_34_R1";
Cohlrabi;Kojo & Booda;https://www.altered.gg/decks/01KQFE2F6RMDXJCFJ31Q3FYXGD;"Hungry Hungry Kojo. 

This is just meant to be a straightforward Kojo as he is currently list. It shows off a lot of what current players are doing with the hero. 

The Hunger is a fun and splashy card that might excite new players, Fisherman is strong and has an interesting strategy, and rage in there to see players eyes light up when they realize they can hit Booda with it. ";"1 ALT_CORE_B_BR_01_C
3 ALT_ALIZE_B_BR_32_C
3 ALT_BISE_B_YZ_56_R2
3 ALT_CORE_B_BR_05_C
3 ALT_CORE_B_BR_08_C
3 ALT_CORE_B_BR_19_C
2 ALT_CORE_B_BR_26_R1
2 ALT_CORE_B_BR_29_R1
3 ALT_CYCLONE_B_BR_69_R1
3 ALT_CYCLONE_B_BR_70_C
3 ALT_CYCLONE_B_BR_80_C
2 ALT_CYCLONE_B_BR_81_R1
3 ALT_DUSTER_B_BR_89_C
3 ALT_DUSTER_B_BR_94_R1
3 ALT_COREKS_B_BR_07_C";
Elfiris;Lindiwe & Maw;https://www.altered.gg/decks/01KQ733M4JFVPAC6R7T7A9E2X4;"Lindiwe is an Exalt with a unique synergy built around balancing the number of characters to sacrifice and the number of cards allowing to sacrifice. Without Uniques, draw also becomes a crucial factor.

This deck is built around a good balance between both the fuel and the cards that sacrifice, while also including cards that provide draw (Medusa, Baba Yaga, Houdini, Baba’s Hut).

With that balance, reliable draw, and several of the Exalt’s signature cards, this deck is a great way to explore the sacrifice mechanics specific to Lindiwe and Maw.

It’s still important to be able to interact with and manage the opponent’s resources, so the usual removal/interaction package is included.

The Kraken is the clutch finisher, capable of closing out games in the late game.";"1 ALT_CORE_B_YZ_02_C
3 ALT_COREKS_B_YZ_28_R1
2 ALT_ALIZE_B_OR_45_R2
3 ALT_CORE_B_YZ_21_C
3 ALT_ALIZE_B_YZ_33_C
1 ALT_CORE_B_YZ_05_R1
3 ALT_CORE_B_YZ_20_C
3 ALT_CORE_B_YZ_04_C
3 ALT_CORE_B_YZ_06_C
2 ALT_CORE_B_AX_21_R2
3 ALT_DUSTER_B_YZ_86_C
2 ALT_COREKS_B_YZ_05_R1
1 ALT_CORE_B_YZ_17_R1
3 ALT_ALIZE_B_YZ_44_C
2 ALT_CYCLONE_B_AX_73_R2
2 ALT_BISE_B_YZ_51_C
2 ALT_CORE_B_YZ_11_R1
1 ALT_ALIZE_B_YZ_42_C";
Notos;Matz & Hive;https://www.altered.gg/decks/01KJHMV0P4EQGQNQBQBPZPB5R0;The goal is to reach 3 landmarks as quickly as possible thanks to charitable Reka, investor and 2 mana landmarks. Then use Matz to play monolith for free and gain value for the rest of the game. The réunion is also very good when you don't have the monolith.;"1 ALT_DUSTER_B_OR_85_C
3 ALT_COREKS_B_OR_28_R1
2 ALT_DUSTER_B_OR_101_C
3 ALT_DUSTER_A_OR_97_E
3 ALT_BISE_B_OR_49_C
2 ALT_DUSTER_B_OR_102_C
3 ALT_DUSTER_B_OR_90_C
3 ALT_DUSTER_B_OR_92_C
3 ALT_DUSTER_B_OR_86_C
2 ALT_DUSTER_B_OR_100_R1
3 ALT_CYCLONE_B_OR_81_C
2 ALT_BISE_B_OR_59_C
2 ALT_CORE_B_AX_28_R2
3 ALT_CORE_B_OR_05_R1
2 ALT_CORE_B_OR_16_R1
3 ALT_DUSTER_B_MU_89_R2";
Mr. Toast;Moyo & Silk;https://www.altered.gg/en-us/decks/01KQT3KQ6JQQZ9JY5YDNMY7GPM?rarity[]=EXALTED;This Moyo deck focuses around the exhaust mechanic. It is a straightforward flutter deck. It allows the use of cantrips to stall and make flutter cost less. Cost reduction is used to be able to play multiple spells per turn. This deck will use cards to stall while it builds mana. Cards like bravos signet help to ramp while also being a aggressive card that can be removal, or stat increases. Blizzard is also a great addition to this deck. I like that blizzard is way stronger in Moyo because you can use it to win a side. If you stall enough and blizzard the opposing hero expedition, you get a moyo trigger that allows you to move. Essentially a removal Small Step Giant Leap.;"1 ALT_CYCLONE_B_YZ_65_C
3 ALT_ALIZE_B_YZ_39_C
3 ALT_ALIZE_B_YZ_42_C
3 ALT_CYCLONE_B_YZ_68_C
3 ALT_CORE_B_YZ_19_C
2 ALT_CORE_B_YZ_23_R1
2 ALT_ALIZE_B_LY_39_R2
2 ALT_DUSTER_B_AX_98_R2
2 ALT_DUSTER_B_YZ_101_C
2 ALT_CORE_B_YZ_04_C
3 ALT_ALIZE_B_YZ_43_R1
2 ALT_CYCLONE_B_YZ_80_C
1 ALT_CORE_B_YZ_25_C
2 ALT_DUSTER_B_YZ_102_R1
2 ALT_CYCLONE_B_BR_79_R2
2 ALT_DUSTER_B_YZ_92_C
3 ALT_CYCLONE_B_YZ_78_C
2 ALT_DUSTER_B_YZ_99_R1";
JoliRougeGorge ;Nadir & Bubbles;https://www.altered.gg/decks/01KQSPZYJFNBG05JSKTJ5YE6N5;This Nadir list uses the strength of Nadir with spiked cards. Also with a few card advantage that is imo often needed on Nadir and a payoff combo with Diocles-energy bar that van take expeditions (but they also are good without each other);"1 ALT_CYCLONE_B_LY_65_C
3 ALT_DUSTER_B_LY_86_R1
3 ALT_DUSTER_B_LY_93_C
2 ALT_DUSTER_B_LY_94_R1
3 ALT_DUSTER_B_LY_97_C
1 ALT_DUSTER_B_LY_102_C
2 ALT_CYCLONE_B_LY_66_C
2 ALT_CYCLONE_B_LY_71_C
2 ALT_CYCLONE_B_LY_72_R1
3 ALT_BISE_B_LY_49_C
3 ALT_BISE_B_LY_51_C
3 ALT_ALIZE_B_BR_34_R2
2 ALT_ALIZE_B_BR_45_R2
2 ALT_ALIZE_B_LY_43_C
2 ALT_CORE_B_LY_15_C
3 ALT_CORE_B_LY_23_C
3 ALT_CORE_B_MU_16_R2";
Joli rouge gorge ;Nevenka & Blotch;https://www.altered.gg/decks/01KQVM6JJ3KEYAR1N0HSXTBZYF;Here we show a lot of dice roll synergies with different pay offs, playing a lot of card advantage depending on the dice rolls to make sure to have a good engine through out the whole game, try making 6 to anchor good stuff and manipulate dice RNG.;"1 ALT_CORE_B_LY_01_C
3 ALT_DUSTER_B_LY_97_C
2 ALT_BISE_B_LY_49_C
2 ALT_BISE_B_LY_51_C
3 ALT_BISE_A_LY_53_R1
3 ALT_ALIZE_B_LY_32_C
3 ALT_CORE_B_LY_04_R1
3 ALT_CORE_B_LY_06_C
3 ALT_CORE_B_LY_23_C
1 ALT_CYCLONE_A_LY_78_C
3 ALT_BISE_B_LY_55_R1
2 ALT_BISE_B_LY_60_R1
3 ALT_BISE_B_LY_62_C
3 ALT_ALIZE_B_LY_41_C
3 ALT_CORE_B_LY_30_R1
1 ALT_CORE_B_LY_17_C
1 ALT_CORE_B_LY_17_R1";
Oriazzz;Rin & Orchid;https://www.altered.gg/decks/01KQ83XC6E139J0KA3RXR4PK4P;"The idea is to play lots of good characters with over stats in forest biomes. There are many 3-mana cards to optimize the anchor abilities. Aloe Vera is a great engine in this deck. It can stay on board all game and make you win pretty easily.

The ascend package gives punch to take early 2-0 or end game.

All that can be anchored by muna botanist and anchor-support cards.

You can build your hand with Rin power by making anchor support or Coppelia going to reserve. If you haven't these you can filter your hand based on the match-up. 

Attention was made on putting some of the most played muna cards of each set. 
- Set 1 : Aloe Vera
- Set 2 : floral tent
- Set 3 : Requiem
- Set 4 : Cuckoo / Gargoyle
- Set 5 : Muna botanist

To sum-up : it's a easy-to-play deck with a great learning curve due to the improvement you will make by adapting to match ups and make a great use of Rin hero power. ";"1 ALT_CORE_B_MU_03_C
3 ALT_CYCLONE_B_OR_71_R2
2 ALT_ALIZE_B_MU_33_R1
2 ALT_CORE_B_MU_28_C
2 ALT_BISE_B_MU_60_C
3 ALT_CYCLONE_B_MU_70_C
3 ALT_DUSTER_B_MU_88_R1
3 ALT_CYCLONE_B_MU_66_C
3 ALT_CORE_B_MU_13_C
3 ALT_CORE_B_MU_04_C
2 ALT_CYCLONE_B_MU_68_C
3 ALT_ALIZE_B_MU_44_C
3 ALT_DUSTER_B_MU_89_C
2 ALT_COREKS_B_AX_14_R2
2 ALT_CYCLONE_B_OR_67_R2
3 ALT_COREKS_B_MU_16_R1";
VaderMIB;Sierra & Oddball;https://www.altered.gg/decks/01KQ30NXM6F09EGGGXSMFMYEBM;"Sierra robots.
Sierra has always be associated primarily with the Hive, together with robots. She sinergizes with permanents and robots.
So, the core of the deck remains the Hive, which is here to be set up as early as possible and can win games almost by itself. It is the undisputed emblem of Sierra.
The deck works around robots, with lunar medusa, most precious after you robot ally.
Foundry armorer is one of the best starting card. And she makes robots.
The other side of the deck works around drawing capabilities : hooked (draw and expedition win, another Axiom emblem cards), abandoned depot.
Science fair is a great sinergy with permanents: put one in réserve, draw and play it.
Mechanical training works with hive, depot and bug-out bag for cheap bodies or draw.
The rest of the deck uses the bunch of other powerful robots.";"1 ALT_CORE_B_AX_01_C
3 ALT_COREKS_B_AX_30_R1
3 ALT_COREKS_B_AX_20_R1
3 ALT_COREKS_B_AX_16_R1
3 ALT_DUSTER_B_AX_86_C
3 ALT_COREKS_B_YZ_05_R2
3 ALT_CYCLONE_B_AX_79_C
3 ALT_BISE_B_AX_62_C
3 ALT_COREKS_B_AX_22_C
1 ALT_ALIZE_B_YZ_42_R2
3 ALT_BISE_B_AX_51_C
2 ALT_BISE_B_AX_53_R1
3 ALT_COREKS_B_AX_07_C
2 ALT_DUSTER_B_AX_96_C
2 ALT_DUSTER_B_AX_100_C
2 ALT_CYCLONE_B_AX_80_C";
-Unite-;Sigismar & Wingspan;https://www.altered.gg/fr-fr/decks/01KQFP9Z6JFRZ2CSYSAJ9JDZM0;Deck aggro ou l'idée principal est de placer le monolith bastion grâce aux cartes comme Kikimora/Mécanicienne/ingénieure. Pour la pioche don de sois peut être optimiser via le templier ou l'investisseur ou bien le jetons du héros.;"1 ALT_CORE_B_OR_01_C
2 ALT_CORE_B_OR_24_C
3 ALT_CORE_B_OR_28_C
2 ALT_CORE_B_OR_08_C
3 ALT_CORE_B_OR_16_R1
3 ALT_DUSTER_B_OR_95_C
2 ALT_BISE_B_OR_59_C
1 ALT_ALIZE_B_OR_42_C
1 ALT_BISE_B_OR_54_C
3 ALT_CORE_B_AX_05_R2
2 ALT_COREKS_B_YZ_20_R2
2 ALT_ALIZE_B_OR_45_C
3 ALT_CORE_B_OR_05_C
2 ALT_CORE_B_OR_06_C
3 ALT_CORE_B_OR_11_C
2 ALT_COREKS_B_LY_15_R2
3 ALT_COREKS_B_AX_07_R2
2 ALT_DUSTER_B_OR_92_R1";
martin pecheur;Sol & Halua;https://www.altered.gg/decks/01KQHDHGQFDQQ8J9GEWFTHRY32;"I built this deck to show the basic Sol’s archetype. The goal is to get a counter on every turn with Sol to get the most out of his token. Play 1 or 2 cards per turn; so choose carefully which card to keep for later and which to put into your mana.
The deck is actually easy to learn but has a fairly high skill ceiling. It is stable and well-balanced and is always a pleasure to play ! ";"1 ALT_CYCLONE_B_BR_65_C
3 ALT_CYCLONE_B_BR_67_C
3 ALT_CYCLONE_B_BR_69_R1
3 ALT_CYCLONE_B_BR_77_C
3 ALT_DUSTER_B_BR_96_C
3 ALT_CYCLONE_B_BR_81_R1
3 ALT_ALIZE_B_BR_43_C
2 ALT_BISE_B_BR_61_C
2 ALT_BISE_B_YZ_56_R2
3 ALT_CYCLONE_B_BR_74_R1
2 ALT_ALIZE_B_BR_32_C
3 ALT_COREKS_B_BR_17_R1
3 ALT_COREKS_B_BR_19_C
2 ALT_DUSTER_B_BR_88_C
1 ALT_DUSTER_B_BR_94_R1
2 ALT_CYCLONE_B_BR_73_C
1 ALT_DUSTER_B_BR_98_E";
Stefan Saettone;Subhash & Marmo;https://www.altered.gg/decks/01KET8PERP4XQK0FK6T4B1Z0FF;"Keep up the pressure constantly, while using the permanents to keep control up and get some needed cards for Subhash. The Sap and Detonation are to be used against the Hunger mainly, but can be used against any powerful threat.

The main focus is to get Dr. Frankenstein while you have a Restocking station up, to keep on the pressure from the reserve while building up your hand. The Foundry Engineer is there to provide a way to get your permanents up without loosing the pressure.";"1 ALT_CORE_B_AX_03_C
2 ALT_ALIZE_B_AX_40_R1
3 ALT_CORE_B_AX_17_C
2 ALT_CORE_B_AX_28_R1
2 ALT_CYCLONE_B_AX_77_C
3 ALT_CORE_B_AX_14_C
2 ALT_BISE_B_AX_53_R1
3 ALT_CORE_B_AX_05_R1
3 ALT_CORE_B_AX_11_C
2 ALT_CORE_B_AX_22_C
2 ALT_CYCLONE_B_AX_75_C
2 ALT_BISE_B_AX_62_C
2 ALT_BISE_B_AX_59_C
2 ALT_COREKS_B_AX_18_C
3 ALT_CYCLONE_B_AX_79_R1
3 ALT_CYCLONE_B_AX_81_R1
3 ALT_DUSTEROP_A_AX_98_C";
SanDeity;Teija & Nauraa;https://www.altered.gg/decks/01KQTV1JW9PE9XJR4TM3SS78P1;Big Plants! Everyone loves boosting plants! No one does it better than Teija!! Get those plants out there and nurture them with love in the form of boosts!!!;"1 ALT_CORE_B_MU_01_C
1 ALT_CORE_B_MU_22_C
1 ALT_CORE_B_MU_22_R1
1 ALT_CORE_B_MU_06_C
2 ALT_CORE_B_MU_06_R1
1 ALT_CORE_B_MU_30_R1
1 ALT_CORE_B_MU_30_C
1 ALT_CORE_B_MU_08_C
2 ALT_CORE_B_MU_08_R1
2 ALT_CORE_B_MU_15_C
1 ALT_CORE_B_MU_15_R1
2 ALT_CORE_B_MU_16_R1
2 ALT_CORE_B_MU_04_C
1 ALT_CORE_B_MU_04_R1
1 ALT_CORE_B_MU_13_C
1 ALT_CORE_B_MU_13_R1
2 ALT_CORE_B_MU_25_C
2 ALT_CORE_B_MU_27_C
1 ALT_CORE_B_MU_27_R1
2 ALT_BISE_B_LY_61_R2
3 ALT_BISE_B_MU_61_C
2 ALT_CORE_B_MU_26_C
3 ALT_ALIZE_B_MU_44_C
1 ALT_DUSTER_B_MU_99_R1
3 ALT_CORE_B_MU_24_C";
Rinku;Treyst & Rossum;https://www.altered.gg/decks/01KQTBZQP97ZZK3A2ZDZC48D4R;"Tries to get the 5 scrap counters as soon as possible.
Utilizies Hooked! to trade 1-1 while gaining card advantage.
A variety of -> effects with Gibil can help you gain an advantage in the late game.
Very clear what the game plan is.
Has a few 1s to keep the opponent on their toes.
Has cards from Set 1-5";"1 ALT_CORE_B_AX_02_C
3 ALT_BISE_B_AX_49_C
3 ALT_ALIZE_B_AX_41_C
3 ALT_CORE_B_AX_08_R1
1 ALT_CORE_B_AX_26_R1
3 ALT_CYCLONE_B_AX_70_C
1 ALT_CYCLONE_B_AX_77_C
3 ALT_BISE_B_AX_53_R1
3 ALT_CORE_B_AX_04_C
3 ALT_CORE_B_AX_20_R1
3 ALT_CORE_B_BR_30_R2
1 ALT_ALIZE_B_AX_42_C
3 ALT_CORE_B_AX_11_C
1 ALT_CORE_B_LY_13_R2
1 ALT_DUSTER_B_AX_98_C
2 ALT_ALIZE_B_AX_40_C
1 ALT_CORE_B_AX_28_R1
2 ALT_BISE_B_AX_62_C
2 ALT_CORE_B_AX_07_C";
Sentenza;Turuun & Benih;https://www.altered.gg/decks/01KQWZHV6RNP9HN16MTGN9YPFR;Card draws are often the strongest Gifts. This Turuun deck is direct, clear and not afraid of card draws for the opponent at all. Daughter of Y., Kitsune and Gran Bwa gift lots of cards to the opponent, but this deck profits more than the opponent, activating Turuun's ability every day. Plenty of own card draws help beginners to have enough resources. Burrowing Noosh and Rabbit Farmer profit from Gifts early-game, Gran Bwa profits later. Muna Caregiver and Botanist (re-)anchor Cuckoo and Daghter of Y.. Mechanical Training re-anchors Cuckoo and even Gran Bwa, gifting even more cards for even more stats. The strongest cards (Gran Bwa, Daughter, Cuckoo) get protection (Spindle, Kauris Intervention, Floral Tent). In this deck, Loki works for beginners because the deck does almost no resupply, so Loki almost certainly gets drawn on hand. This disarms the opponent in late game and boosts own characters.;"1 ALT_DUSTER_B_MU_85_C
2 ALT_BISE_B_LY_61_R2
2 ALT_ALIZE_B_MU_44_C
2 ALT_COREKS_B_MU_12_R1
3 ALT_BISE_B_MU_56_R1
2 ALT_CORE_B_MU_30_C
2 ALT_BISE_B_MU_60_C
2 ALT_CORE_B_MU_28_C
2 ALT_COREKS_B_MU_26_C
1 ALT_COREKS_B_LY_21_R2
2 ALT_CYCLONE_B_MU_75_R1
1 ALT_CORE_B_LY_21_R2
2 ALT_CORE_B_AX_22_R2
3 ALT_DUSTER_B_MU_88_C
3 ALT_CORE_B_MU_05_C
3 ALT_CYCLONE_B_MU_70_C
3 ALT_CORE_B_MU_04_C
2 ALT_DUSTER_B_MU_86_C
2 ALT_BISE_B_MU_49_R1";
Cernnunos;Waru & Mack;https://www.altered.gg/decks/01KQFKAFGVVMEQB6S2TGXKQ9JJ;"Waru cosplaying turuun ... Ok this sounds a bit weird, but Waru is a Hero would can profit a lot from Quetzal. And surprisingly Ordis have cards like Gran Bwa, picnic, souvenir seller and the snow maiden... 
With a good amount of draw the deck can quickly search piece of combo to unleash an absurd board in late game

The deck don't really embody waru's gameplay at first glance ... but setting up some floodgates card like Gran bwa and quetzal and create value from card that stays an extra turn ... seems ""waru"" enough for me. And it's a bit easier to play than heavy control.
";"1 ALT_CORE_B_OR_02_C
3 ALT_DUSTER_B_MU_100_R2
3 ALT_BISE_B_MU_56_R2
3 ALT_CORE_B_OR_18_R1
3 ALT_CORE_B_OR_16_R1
3 ALT_DUSTER_B_OR_87_C
2 ALT_BISE_B_OR_61_C
2 ALT_ALIZE_B_MU_39_R2
2 ALT_ALIZE_B_OR_40_C
1 ALT_ALIZE_P_OR_48_R1
3 ALT_BISE_B_OR_54_C
2 ALT_BISE_B_OR_59_C
3 ALT_CORE_B_OR_08_C
2 ALT_CORE_B_OR_24_C
2 ALT_COREKS_B_OR_05_C
3 ALT_ALIZE_B_OR_44_C
2 ALT_ALIZE_B_OR_43_C";
Arthour;Zhen & Zephyr;https://www.altered.gg/en-us/decks/01KQ39HWG2RSNRG09ZZPTX995Q;"Aggressive version of Zhen with many low cost characters and ascend effects.

Core startegy:
win the game fast with many characters in ascended expeditions. Get more draw than your opponent and put pressure on both expeditions.

Key synergies and how the decks works:
- cable-car station and Zhen ability to draw
- Origamium and characters able to ascend their expedition
- cable-car station and spike stats : the station can be used to escape the regions where characters have 0 stat (gargoyle, frog king, sandman)
- removal spells : rapidly progress on expeditions while slowing down the setup of your opponent. These Spells can also be useful to draw thanks to zhen power.
- Sagitta + soar + origamium to boost the big bird and reduce its cost.
- rallying call + license withdrawal can discard strong characters
- Axiom signet triggers both landmarks of the deck, and has a versatile second effect
- Sandman is useful to finish the game fast

This deck works as a starter deck because the cards are simple and are also working very well with Zhen. The numerous small synergies are satisfying and can be learned progressively.";"1 ALT_CYCLONE_B_OR_65_C
3 ALT_CYCLONE_B_OR_71_C
3 ALT_DUSTER_B_LY_102_R2
2 ALT_ALIZE_B_OR_42_C
2 ALT_ALIZE_B_OR_44_C
3 ALT_CORE_B_OR_09_C
3 ALT_BISE_B_OR_49_C
3 ALT_CYCLONE_B_OR_67_R1
3 ALT_CYCLONE_B_OR_79_C
2 ALT_BISE_B_OR_59_C
2 ALT_CORE_B_LY_15_R2
3 ALT_CORE_B_OR_14_C
3 ALT_CYCLONE_B_OR_66_R1
1 ALT_CYCLONE_B_OR_74_C
1 ALT_CYCLONE_B_AX_76_R2
2 ALT_CYCLONE_B_OR_82_C
3 ALT_CORE_B_OR_05_R1";
